{"cameraMode":{"drawMode":0,"name":"Shaded","section":"Shading Mode"},"sceneLighting":false,"audioPlay":false,"sceneViewState":{"m_AlwaysRefresh":false,"showFog":true,"showSkybox":true,"showFlares":true,"showImageEffects":true,"showParticleSystems":true,"showVisualEffectGraphs":true,"m_FxEnabled":true},"in2DMode":false,"pivot":{"x":-0.010933399200439453,"y":0.9995620846748352,"z":2.303478479385376},"rotation":{"x":0.1125534176826477,"y":0.5290623903274536,"z":-0.07105235755443573,"w":0.8380792737007141},"size":1.0474169254302979,"orthographic":false}